dataset, ref_frame, src_frame, overlap, all_time, all_t_err, all_r_err, pct_time, pct_t_err, pct_r_err, sigma_time, sigma_t_err, sigma_r_err, x84_time, x84_t_err, x84_r_err, dynamic_time, dynamic_t_err, dynamic_r_err, goicp_time, goicp_t_err, goicp_r_err, s4pcs_time, s4pcs_t_err, s4pcs_r_err, hmrf_time, hmrf_t_err, hmrf_r_err
freiburg1_desk, 150, 500, 0.14834, 6.48984, 0.53939, 1.25143, 5.86072, 0.48867, 1.10426, 6.08986, 0.52183, 1.19799, 7.02779, 0.52203, 1.20724, 6.69270, 0.52293, 1.20366, NaN, NaN, NaN, 85.60765, 2.39443, 3.09974, NaN, NaN, NaN
freiburg1_desk, 40, 250, 0.24357, 5.77243, 0.33353, 0.87518, 4.23685, 0.14293, 0.59925, 5.46231, 0.46589, 0.11436, 3.84956, 0.11498, 0.49656, 4.47705, 0.18973, 0.34977, NaN, NaN, NaN, 11.26266, 0.69867, 2.57416, 9.56763, 0.06433, 0.14872
freiburg1_desk, 150, 580, 0.34707, 8.61197, 0.45732, 0.76024, 7.03436, 0.33944, 0.47245, 6.93420, 0.34099, 0.47732, 7.16793, 0.34041, 0.47501, 6.94832, 0.34125, 0.47605, NaN, NaN, NaN, 2.99924, 1.93314, 0.89938, 8.46609, 0.34098, 0.47729
freiburg1_desk, 520, 110, 0.40767, 21.47300, 0.59353, 1.18739, 18.32627, 0.40578, 0.28581, 16.09242, 0.43090, 0.85493, 17.62856, 0.42613, 0.78166, 16.44097, 0.40178, 0.31152, NaN, NaN, NaN, 6.76610, 1.73127, 3.12421, 28.12849, 0.12758, 0.19173
freiburg1_desk, 210, 260, 0.56143, 3.65002, 0.26711, 0.25580, 1.53458, 0.11837, 0.13763, 1.31140, 0.17498, 0.09032, 3.41764, 0.08822, 0.14613, 1.07637, 0.10795, 0.15331, NaN, NaN, NaN, 0.58859, 0.86666, 3.09319, 2.27423, 0.01273, 0.26172
freiburg1_desk, 530, 520, 0.63536, 2.69577, 0.03281, 0.03049, 3.75530, 0.05869, 0.10920, 1.72050, 0.04581, 0.09215, 2.42388, 0.02486, 0.27151, 1.41482, 0.03485, 0.18960, NaN, NaN, NaN, 0.53701, 0.93596, 2.94204, 2.58283, 0.01311, 0.30806
freiburg1_desk, 580, 100, 0.74129, 2.16143, 0.25606, 0.04550, 6.06127, 0.17539, 0.06179, 3.15143, 0.22858, 0.05049, 5.95179, 0.17588, 0.06082, 3.09397, 0.20039, 0.05803, NaN, NaN, NaN, 0.65584, 0.21259, 0.12228, 3.43974, 0.00842, 0.01545
freiburg1_desk, 590, 560, 0.88445, 11.48455, 0.12207, 0.74187, 6.37418, 0.01629, 0.01765, 3.82813, 0.02737, 0.00793, 6.45590, 0.01511, 0.05150, 3.70153, 0.01678, 0.09010, NaN, NaN, NaN, 0.36238, 0.13853, 0.12843, 9.76477, 0.01289, 0.02447
freiburg1_desk, 570, 580, 0.94262, 1.07916, 0.02173, 0.02264, 0.82363, 0.00775, 0.00631, 0.83415, 0.00939, 0.01975, 0.82358, 0.00544, 0.02150, 0.92049, 0.00578, 0.01993, 0.20012, 0.02877, 0.04270, 0.27652, 0.06077, 0.02721, 1.82533, 0.00854, 0.00554
freiburg1_desk2, 580, 150, 0.17796, 2.33213, 0.11985, 0.16943, 1.27713, 0.06520, 0.02271, 2.59492, 0.08908, 0.08977, 1.16861, 0.04801, 0.02072, 1.41170, 0.05164, 0.02261, NaN, NaN, NaN, 63.96251, 0.39411, 0.75090, 2.21165, 0.04821, 0.02409
freiburg1_desk2, 240, 350, 0.21449, 11.28780, 0.66559, 0.56538, 9.75606, 0.73711, 0.51858, 10.54318, 0.71921, 0.61508, 10.58704, 0.73636, 0.54293, 10.41222, 0.73071, 0.50919, NaN, NaN, NaN, 120.03178, NaN, NaN, 12.43310, 0.74966, 0.50583
freiburg1_desk2, 110, 330, 0.37992, 5.29337, 0.80805, 1.05847, 13.81360, 0.57290, 0.62829, 6.41699, 0.74754, 1.12647, 16.95866, 0.20846, 0.15632, 15.66979, 0.39080, 0.25988, NaN, NaN, NaN, 16.60771, 1.02543, 1.26021, 24.66759, 0.13384, 0.13781
freiburg1_desk2, 70, 370, 0.40451, 10.37394, 0.34767, 0.71148, 8.56223, 0.19134, 0.55343, 9.39082, 0.23230, 0.66887, 4.37074, 0.02743, 0.00521, 7.48543, 0.07257, 0.19618, NaN, NaN, NaN, 2.59348, 0.75181, 3.05847, 9.19155, 0.01391, 0.02374
freiburg1_desk2, 560, 110, 0.54552, 1.85275, 0.02581, 0.04398, 2.41370, 0.02397, 0.03380, 1.89132, 0.02403, 0.03420, 2.77545, 0.02434, 0.03683, 1.90895, 0.02571, 0.04830, 0.28787, 0.02703, 0.03665, 0.75609, 0.00000, 0.31417, NaN, NaN, NaN
freiburg1_desk2, 520, 490, 0.63703, 1.92085, 0.05764, 0.12620, 1.89752, 0.02652, 0.05144, 1.48116, 0.04899, 0.06003, 1.54552, 0.02823, 0.05287, 2.02829, 0.01686, 0.05108, NaN, NaN, NaN, 0.52547, 0.00000, 0.31416, 3.60927, 0.04744, 0.06312
freiburg1_desk2, 480, 590, 0.75801, 4.67712, 0.03846, 0.15134, 4.50032, 0.02801, 0.02602, 3.69032, 0.04110, 0.07670, 4.44344, 0.03090, 0.05902, 3.67801, 0.03181, 0.06158, NaN, NaN, NaN, 0.41824, 0.00000, 0.31417, 8.67115, 0.03208, 0.03788
freiburg1_desk2, 510, 490, 0.83249, 3.46741, 0.06669, 0.15494, 3.08070, 0.02459, 0.02909, 2.30736, 0.04254, 0.04533, 2.94878, 0.01523, 0.02251, 3.10592, 0.01477, 0.02346, NaN, NaN, NaN, 0.65753, 0.00000, 0.31415, 6.00195, 0.01541, 0.02222
freiburg1_desk2, 470, 480, 0.90962, 1.51162, 0.01996, 0.04933, 2.00222, 0.02702, 0.03650, 1.65575, 0.02382, 0.02998, 1.85996, 0.02774, 0.03785, 1.53615, 0.02910, 0.04207, NaN, NaN, NaN, 0.29615, 0.00000, 0.31417, 3.58251, 0.02533, 0.03161
freiburg1_floor, 450, 520, 0.11658, 2.55551, 0.84339, 0.55497, 4.66594, 0.80001, 0.19254, 4.12657, 0.85557, 0.43899, 2.15409, 0.56881, 0.20175, 2.32307, 0.72213, 0.31255, 0.48937, 0.86316, 0.50551, 120.03509, NaN, NaN, 4.17351, 0.50791, 0.15962
freiburg1_floor, 750, 810, 0.20863, 5.37352, 0.74179, 0.62383, 7.01243, 0.71484, 0.25661, 6.05926, 0.75702, 0.52853, 3.14138, 0.47562, 0.08426, 3.92218, 0.62112, 0.18861, 7.23206, 0.73167, 0.65811, 46.95115, 0.70842, 0.83628, 3.97445, 0.47554, 0.06529
freiburg1_floor, 420, 320, 0.31581, 3.32398, 0.75921, 0.46227, 6.72710, 0.71343, 0.48140, 4.01657, 0.72275, 0.46616, 3.46615, 0.42962, 0.12147, 3.97164, 0.67865, 0.39772, NaN, NaN, NaN, 4.50957, 0.89454, 2.73231, 3.76936, 0.40121, 0.16486
freiburg1_floor, 800, 860, 0.45199, 3.14939, 0.53320, 0.04820, 1.64552, 0.23890, 0.04469, 3.10533, 0.39366, 0.09738, 1.38867, 0.11791, 0.03261, 1.49806, 0.17967, 0.07039, 1.63430, 0.87687, 0.26980, 1.46844, 1.62770, 2.36503, 3.06205, 0.03376, 0.07743
freiburg1_floor, 530, 500, 0.59295, 1.91237, 0.21650, 0.25988, 1.40799, 0.13352, 0.02452, 3.07936, 0.23128, 0.18367, 0.72406, 0.04152, 0.02919, 1.04024, 0.10524, 0.05285, 0.75214, 0.33014, 0.27983, 1.01486, 0.35611, 0.32985, 2.11672, 0.01250, 0.01015
freiburg1_floor, 540, 600, 0.66971, 1.94484, 0.47923, 0.24900, 2.98707, 0.24760, 0.18969, 2.49778, 0.37503, 0.20360, 0.61558, 0.05141, 0.12457, 0.87782, 0.13174, 0.02957, 0.55095, 0.60225, 0.25064, 0.74630, 0.71812, 0.29238, 2.38933, 0.02126, 0.25971
freiburg1_floor, 650, 960, 0.73908, 2.03081, 0.31692, 0.44285, 4.15578, 0.16684, 0.14635, 3.88292, 0.22474, 0.35537, 0.62258, 0.00699, 0.29222, 1.23628, 0.07506, 0.14255, 25.05070, 0.34371, 0.41365, 0.65275, 0.22126, 0.53473, 0.87622, 0.00574, 0.29591
freiburg1_floor, 570, 650, 0.81349, 1.06928, 0.22582, 0.16359, 2.91277, 0.12747, 0.01084, 0.90479, 0.10035, 0.20216, 0.70551, 0.03959, 0.30733, 0.89796, 0.07245, 0.29249, 0.45284, 0.38775, 0.00616, 0.37764, 0.67459, 0.36801, 2.43775, 0.02828, 0.27048
freiburg1_floor, 820, 830, 0.96072, 1.44176, 0.05629, 0.00388, 3.07333, 0.04224, 0.15612, 2.33249, 0.04721, 0.02871, 0.42805, 0.00144, 0.30082, 0.70582, 0.01436, 0.25312, 0.22667, 0.05484, 0.00688, 0.30611, 0.48769, 0.24786, 0.86831, 0.00088, 0.30388
freiburg1_room, 60, 210, 0.13144, 7.15534, 1.23952, 0.41850, 11.73882, 1.21222, 0.35381, 6.91614, 1.24510, 0.41852, 6.98346, 1.23951, 0.41851, 7.06406, 1.24214, 0.42074, NaN, NaN, NaN, 120.03073, NaN, NaN, 8.51204, 1.16004, 0.38170
freiburg1_room, 60, 900, 0.25741, 18.35254, 0.55437, 0.96976, 13.21263, 0.42933, 0.74458, 18.31509, 0.53903, 0.91906, 18.39353, 0.55467, 0.97068, 18.80593, 0.55384, 0.96788, NaN, NaN, NaN, 44.75993, 0.56797, 2.02804, 11.45134, 0.10664, 0.36288
freiburg1_room, 150, 290, 0.36844, 7.17087, 1.07178, 0.36239, 5.79568, 0.93201, 0.18159, 10.26815, 1.06460, 0.30832, 18.87391, 0.15589, 0.35080, 9.89989, 0.91723, 0.17089, NaN, NaN, NaN, 15.99047, 0.35411, 3.04801, 14.00546, 1.05865, 0.36748
freiburg1_room, 520, 540, 0.43616, 20.08204, 0.55974, 0.85378, 22.17385, 0.57246, 0.90776, 21.92053, 0.57531, 0.86830, 19.37623, 0.55897, 0.85336, 22.41955, 0.56474, 0.85567, NaN, NaN, NaN, 3.80273, 0.82541, 1.51149, 36.76596, 0.05174, 0.03069
freiburg1_room, 20, 80, 0.56960, 8.56213, 0.44568, 0.16242, 4.93949, 0.23598, 0.09211, 8.22267, 0.37132, 0.13906, 3.66535, 0.08458, 0.07707, 4.98944, 0.13486, 0.06745, NaN, NaN, NaN, 1.02558, 0.00000, 0.31415, 6.53167, 0.04147, 0.06211
freiburg1_room, 30, 40, 0.66515, 7.36639, 0.30756, 0.14050, 3.62919, 0.16785, 0.06749, 5.30080, 0.27867, 0.12217, 2.79413, 0.03418, 0.02164, 3.78021, 0.10086, 0.01362, NaN, NaN, NaN, 0.82230, 0.43573, 0.23064, 4.13761, 0.02163, 0.01476
freiburg1_room, 130, 150, 0.78036, 1.63635, 0.08892, 0.20271, 2.45534, 0.02511, 0.07826, 2.01860, 0.04746, 0.15526, 3.56278, 0.02323, 0.01707, 1.43664, 0.03227, 0.03187, NaN, NaN, NaN, 0.39522, 0.94518, 3.08610, 7.72774, 0.02148, 0.02724
freiburg1_room, 940, 950, 0.80275, 1.67970, 0.05986, 0.03245, 1.65536, 0.02617, 0.02494, 1.56346, 0.04102, 0.02726, 1.41979, 0.02169, 0.02005, 1.27952, 0.02166, 0.01814, NaN, NaN, NaN, 0.42422, 0.45369, 2.97187, 5.12489, 0.02239, 0.02107
freiburg1_room, 420, 430, 0.93296, 1.73204, 0.01033, 0.01903, 2.32072, 0.01047, 0.01188, 1.90131, 0.00680, 0.01110, 2.42585, 0.01041, 0.01285, 1.82544, 0.01442, 0.01878, 0.26483, 0.01074, 0.02318, 0.34218, 0.31747, 0.54743, 7.87301, 0.03874, 0.17568
freiburg2_360_hemisphere, 750, 860, 0.17692, 1.34938, 4.42993, 0.58347, 2.71170, 3.43606, 1.15758, 2.81065, 3.82960, 1.34229, 2.73049, 2.81821, 0.89126, 2.54162, 3.01586, 0.98007, NaN, NaN, NaN, 120.02564, NaN, NaN, 1.37596, 0.94451, 0.61991
freiburg2_360_hemisphere, 190, 110, 0.21921, 7.45206, 3.85541, 0.20022, 8.05508, 3.70723, 0.24916, 7.42770, 3.86939, 0.19299, 7.49897, 3.85358, 0.20217, 7.50823, 3.87277, 0.19025, NaN, NaN, NaN, 120.03356, NaN, NaN, 10.95967, 2.84475, 0.38297
freiburg2_360_hemisphere, 120, 170, 0.35519, 2.55960, 2.52765, 0.35180, 4.51610, 2.12199, 0.35634, 2.73163, 2.23723, 0.28987, 2.46942, 0.83869, 0.21054, 2.09751, 1.61707, 0.27582, NaN, NaN, NaN, 120.02796, NaN, NaN, 6.45699, 0.17466, 0.13476
freiburg2_360_hemisphere, 990, 510, 0.43341, 3.64587, 2.04825, 0.22874, 3.89506, 2.05797, 0.12334, 3.69919, 2.14443, 0.19132, 3.69885, 2.07310, 0.13501, 3.63277, 1.99890, 0.08398, NaN, NaN, NaN, 101.72853, 0.00000, 0.31417, NaN, NaN, NaN
freiburg2_360_hemisphere, 990, 750, 0.59924, 6.91514, 2.40408, 0.45890, 7.19203, 2.42207, 0.59856, 6.59945, 2.50924, 0.44657, 6.85841, 2.59054, 0.46825, 7.15686, 2.57154, 0.49183, NaN, NaN, NaN, 27.47986, 0.00000, 0.31415, NaN, NaN, NaN
freiburg2_360_hemisphere, 610, 640, 0.65282, 4.62971, 0.82386, 0.41273, 4.50150, 0.64179, 0.24184, 4.47545, 0.84295, 0.35684, 1.51914, 0.19276, 0.11861, 1.44967, 0.33584, 0.15516, NaN, NaN, NaN, 17.29049, 0.00000, 0.31417, 3.37587, 0.05722, 0.09661
freiburg2_360_hemisphere, 640, 620, 0.77669, 3.59195, 0.69946, 0.34848, 4.09504, 0.15156, 0.06716, 3.71736, 0.49047, 0.22321, 3.87170, 0.01774, 0.04172, 4.29164, 0.02046, 0.05039, NaN, NaN, NaN, 8.69939, 0.00000, 0.31416, 7.50372, 0.02907, 0.05757
freiburg2_360_hemisphere, 760, 490, 0.82577, 2.29383, 0.89643, 0.03617, 1.72215, 0.44661, 0.02565, 1.80283, 0.78120, 0.06496, 1.88191, 0.26157, 0.01429, 1.52595, 0.34855, 0.03786, NaN, NaN, NaN, 0.71201, 0.00000, 0.31416, 4.57093, 0.08132, 0.01209
freiburg2_360_hemisphere, 40, 50, 0.91995, 1.71482, 0.08915, 0.01869, 2.12696, 0.02998, 0.02651, 1.94553, 0.06185, 0.01988, 1.86434, 0.04073, 0.02454, 1.98125, 0.03511, 0.02533, NaN, NaN, NaN, 3.47414, 0.00000, 0.31416, 4.71353, 0.02739, 0.02751
freiburg2_360_kidnap, 330, 240, 0.10889, 12.43633, 4.15713, 0.88857, 12.55875, 4.24510, 0.84615, 11.89279, 4.17753, 0.89701, 13.34727, 4.17533, 0.89404, 12.66687, 4.18182, 0.89839, NaN, NaN, NaN, 120.03181, NaN, NaN, 17.27127, 4.28322, 0.94151
freiburg2_360_kidnap, 970, 770, 0.26442, 2.99851, 3.70438, 0.07749, 5.58118, 3.42625, 0.13277, 3.69886, 3.55781, 0.06913, 5.57573, 3.41504, 0.12542, 4.71299, 3.55638, 0.06803, NaN, NaN, NaN, 120.03471, NaN, NaN, 3.69679, 2.11211, 0.07114
freiburg2_360_kidnap, 730, 790, 0.34416, 3.24825, 2.75499, 0.10646, 4.13143, 2.25694, 0.11731, 3.44385, 2.52600, 0.11794, 5.48156, 1.73065, 0.10280, 4.01955, 2.04207, 0.08952, NaN, NaN, NaN, 11.69378, 0.00000, 0.31417, 12.88509, 0.39081, 0.15513
freiburg2_360_kidnap, 720, 630, 0.43634, 1.96771, 1.93877, 0.59517, 2.53206, 1.39649, 0.19830, 2.36990, 1.97351, 0.58518, 2.49172, 1.38369, 0.19181, 1.77025, 2.22810, 0.47512, NaN, NaN, NaN, 102.92324, 0.00000, 0.31417, 3.18485, NaN, NaN
freiburg2_360_kidnap, 880, 970, 0.54636, 3.89657, 1.42408, 0.12594, 3.45235, 1.21388, 0.05959, 3.62265, 1.60704, 0.05478, 5.18431, 0.55214, 0.06452, 3.61430, 1.08262, 0.05127, NaN, NaN, NaN, 2.52063, 0.00000, 0.31416, 5.17066, 0.18819, 0.20209
freiburg2_360_kidnap, 80, 140, 0.66194, 1.82794, 0.66457, 0.07827, 2.07377, 0.35152, 0.07842, 1.63590, 0.52115, 0.07383, 1.80685, 0.13396, 0.07683, 1.94696, 0.29867, 0.08239, NaN, NaN, NaN, 1.52320, 0.00000, 0.31416, 5.59286, 0.03650, 0.06760
freiburg2_360_kidnap, 810, 780, 0.77607, 1.95442, 1.12992, 0.06003, 2.66170, 0.54269, 0.05544, 2.31570, 0.86072, 0.05402, 3.15179, 0.13662, 0.05630, 2.94111, 0.33061, 0.04750, NaN, NaN, NaN, 8.99564, 0.00000, 0.31415, 8.25441, 0.03212, 0.15288
freiburg2_360_kidnap, 810, 980, 0.87080, 1.35237, 0.14933, 0.01857, 1.44931, 0.04237, 0.03091, 1.32173, 0.06772, 0.02830, 1.46649, 0.04570, 0.03020, 1.38984, 0.04613, 0.03161, NaN, NaN, NaN, 0.68970, 0.00000, 0.31416, 2.89707, 0.03899, 0.04087
freiburg2_360_kidnap, 670, 660, 0.92296, 1.04582, 0.17707, 0.04324, 1.82554, 0.15942, 0.07367, 1.48574, 0.19095, 0.04580, 1.84691, 0.16266, 0.06100, 1.68864, 0.16476, 0.06149, NaN, NaN, NaN, 3.28928, 0.00000, 0.31415, 5.65615, 0.11663, 0.12838
freiburg2_desk, 30, 510, 0.11018, 7.57179, 0.82108, 0.39383, 14.30912, 0.38779, 0.73861, 13.94642, 0.43354, 0.96586, 14.14249, 0.43512, 0.96393, 14.00179, 0.44097, 0.96016, NaN, NaN, NaN, 120.02781, NaN, NaN, 17.80927, 0.41183, 0.91049
freiburg2_desk, 810, 520, 0.29293, 5.78395, 0.30597, 0.20635, 5.94175, 0.07573, 0.16338, 3.04643, 0.12478, 0.09838, 5.36031, 0.07544, 0.16368, 5.42184, 0.07560, 0.16357, NaN, NaN, NaN, 35.47463, 0.34748, 0.44550, 6.15569, 0.13328, 0.08051
freiburg2_desk, 250, 700, 0.34357, 5.89168, 1.39365, 1.31806, 7.66376, 1.03699, 1.41325, 5.89894, 1.21801, 1.31737, 7.80351, 0.12034, 0.17417, 6.75026, 0.67180, 0.19445, NaN, NaN, NaN, 120.03660, NaN, NaN, NaN, NaN, NaN
freiburg2_desk, 410, 190, 0.42185, 3.56841, 0.39436, 0.31769, 6.94601, 0.35640, 0.37303, 3.38117, 0.27767, 0.29702, 6.25004, 0.35841, 0.37210, 6.08127, 0.43760, 0.42744, NaN, NaN, NaN, 114.82804, 0.00000, 0.31416, 9.39558, 0.10160, 0.06134
freiburg2_desk, 280, 340, 0.52865, 6.84324, 1.75630, 0.32667, 12.48513, 1.20592, 0.21136, 6.47317, 1.76606, 0.23131, 3.19629, 0.04422, 0.03770, 14.37778, 1.58156, 0.58779, NaN, NaN, NaN, 45.54073, 0.00000, 0.31416, NaN, NaN, NaN
freiburg2_desk, 30, 140, 0.69746, 1.61594, 0.11764, 0.07430, 3.38005, 0.07568, 0.05810, 2.84314, 0.10000, 0.08705, 1.74501, 0.06316, 0.00931, 1.51556, 0.08110, 0.00954, NaN, NaN, NaN, 1.05309, 0.00000, 0.31417, 4.67148, 0.03143, 0.01176
freiburg2_desk, 710, 720, 0.79195, 2.89190, 0.12617, 0.03950, 4.07390, 0.03401, 0.00893, 3.16945, 0.08566, 0.01028, 3.63299, 0.03700, 0.00909, 3.61654, 0.03250, 0.00885, NaN, NaN, NaN, 7.88848, 0.00000, 0.31417, 7.65012, 0.02222, 0.01019
freiburg2_desk, 930, 940, 0.87244, 1.47425, 0.03184, 0.00695, 2.14137, 0.03230, 0.00384, 1.48694, 0.03470, 0.00963, 1.64848, 0.03116, 0.00869, 1.47245, 0.04086, 0.01356, 7.53707, 0.02236, 0.00935, 4.61620, 0.00000, 0.31416, 3.60567, 0.04045, 0.01105
freiburg2_desk, 30, 40, 0.91155, 0.70151, 0.02541, 0.01356, 0.80990, 0.01370, 0.01384, 0.66976, 0.01775, 0.01440, 0.86728, 0.01428, 0.01334, 0.75929, 0.01625, 0.01189, 10.97360, 0.02432, 0.01064, 2.88764, 0.00000, 0.31416, 3.30358, 0.01446, 0.00754
freiburg2_large_no_loop, 960, 970, 0.15033, 2.39275, 0.22358, 0.08639, 2.19058, 0.19400, 0.14191, 1.79673, 0.19312, 0.12634, 2.56073, 0.19949, 0.14134, 2.47440, 0.19953, 0.14167, NaN, NaN, NaN, 120.03517, NaN, NaN, 4.53732, 0.20946, 0.14050
freiburg2_large_no_loop, 830, 790, 0.21848, 1.77694, 0.43898, 0.26424, 2.69505, 0.41973, 0.29924, 1.96756, 0.45118, 0.27994, 2.40689, 0.37788, 0.31102, 2.09221, 0.39485, 0.31134, NaN, NaN, NaN, 89.59998, 0.47166, 0.36825, 3.90385, 0.34317, 0.31622
freiburg2_large_no_loop, 980, 990, 0.33618, 1.43161, 0.23570, 0.06507, 2.71337, 0.28092, 0.07044, 1.80093, 0.25297, 0.06973, 2.48773, 0.27941, 0.07040, 2.57090, 0.27961, 0.07035, NaN, NaN, NaN, 120.03196, NaN, NaN, 4.49883, 0.28799, 0.07872
freiburg2_large_no_loop, 150, 180, 0.41015, 2.26548, 1.22031, 0.10600, 2.22325, 1.06174, 0.09494, 2.08294, 1.18040, 0.08469, 1.44592, 0.45303, 0.09653, 1.32547, 1.02618, 0.08405, NaN, NaN, NaN, 9.34127, 1.03567, 0.28422, 2.02039, 0.59338, 0.09489
freiburg2_large_no_loop, 40, 150, 0.51305, 2.34066, 1.29824, 0.09744, 4.58153, 1.32155, 0.11296, 3.43430, 1.36662, 0.08922, 6.19995, 0.70062, 0.13546, 3.12478, 1.29299, 0.11377, NaN, NaN, NaN, 3.02526, 0.00000, 0.31416, 12.68123, 0.18654, 0.14414
freiburg2_large_no_loop, 50, 10, 0.66815, 1.75051, 0.71145, 0.07303, 2.43101, 0.72529, 0.05558, 1.81805, 0.75198, 0.07298, 1.13330, 0.32668, 0.08656, 2.11510, 0.79853, 0.07324, NaN, NaN, NaN, 1.48225, 0.00000, 0.31415, 2.03725, 0.34936, 0.09581
freiburg2_large_no_loop, 250, 260, 0.72502, 0.66987, 0.01243, 0.07250, 0.79356, 0.03324, 0.10970, 0.75365, 0.02345, 0.09170, 0.76331, 0.03559, 0.11489, 0.85769, 0.03565, 0.11472, NaN, NaN, NaN, 1.46454, 1.42541, 0.71869, 1.33174, 0.03692, 0.11641
freiburg2_large_no_loop, 150, 130, 0.87906, 2.05794, 0.22194, 0.03506, 1.01970, 0.03970, 0.06389, 1.62422, 0.07650, 0.03522, 1.25397, 0.04424, 0.06068, 0.87822, 0.04496, 0.06902, NaN, NaN, NaN, 0.73319, 0.00000, 0.31416, 1.74525, 0.03789, 0.06761
freiburg2_large_no_loop, 130, 140, 0.94440, 2.40774, 0.12048, 0.08843, 0.79374, 0.03524, 0.01882, 0.76987, 0.04067, 0.02212, 0.73898, 0.03345, 0.01788, 0.68336, 0.03502, 0.01748, NaN, NaN, NaN, 0.56318, 0.92688, 2.58130, 1.68616, 0.03466, 0.01811
freiburg2_large_with_loop, 980, 940, 0.14128, 1.41090, 0.63639, 0.81631, 2.32513, 0.88585, 1.09673, 2.27376, 0.82991, 1.04712, 2.30178, 0.90963, 1.09003, 2.20918, 0.96410, 1.10032, NaN, NaN, NaN, 120.03196, NaN, NaN, NaN, NaN, NaN
freiburg2_large_with_loop, 950, 970, 0.25424, 0.77895, 0.57276, 0.18149, 1.52670, 0.93272, 0.16982, 0.74284, 0.66031, 0.17694, 1.50315, 0.97724, 0.22069, 1.47376, 0.99065, 0.22684, NaN, NaN, NaN, 120.02961, NaN, NaN, NaN, NaN, NaN
freiburg2_large_with_loop, 400, 290, 0.32613, 9.33164, 2.73956, 0.74825, 5.04979, 2.27700, 0.05190, 4.46041, 2.73181, 0.08020, 5.02962, 1.70561, 0.01509, 4.39759, 1.99429, 0.02538, NaN, NaN, NaN, 120.02630, NaN, NaN, 7.14085, 1.36264, 0.02007
freiburg2_large_with_loop, 40, 180, 0.49921, 2.16783, 0.72126, 0.15853, 3.52552, 0.72328, 0.26424, 2.41644, 0.77348, 0.21750, 4.27184, 0.50098, 0.25953, 4.32864, 0.58366, 0.28895, NaN, NaN, NaN, 56.07621, 0.00000, 0.31414, NaN, NaN, NaN
freiburg2_large_with_loop, 570, 490, 0.54234, 1.58709, 1.52255, 0.20418, 2.93551, 2.14821, 0.11724, 2.63826, 2.29554, 0.20555, 2.43556, 2.13129, 0.04410, 2.85209, 2.15082, 0.03105, NaN, NaN, NaN, 25.37080, 0.00000, 0.31416, NaN, NaN, NaN
freiburg2_large_with_loop, 480, 580, 0.60175, 0.30025, 0.65943, 0.32332, 0.37390, 0.13669, 0.01364, 0.34688, 0.31426, 0.24320, 0.44031, 0.10544, 0.01058, 0.28380, 0.09829, 0.01399, NaN, NaN, NaN, 26.80127, 0.00000, 0.31415, 1.35220, NaN, NaN
freiburg2_large_with_loop, 270, 290, 0.74209, 1.66130, 0.74938, 0.04338, 1.74364, 0.40895, 0.00879, 1.88780, 0.69418, 0.01798, 1.90790, 0.20790, 0.00648, 1.79404, 0.33045, 0.00348, NaN, NaN, NaN, 9.95232, 0.00000, 0.31416, 4.87771, 0.06652, 0.01247
freiburg2_large_with_loop, 360, 320, 0.88053, 1.78604, 0.55883, 0.13254, 3.42592, 0.53822, 0.10718, 1.79176, 0.50894, 0.13422, 3.01787, 0.16350, 0.05568, 2.91190, 0.41596, 0.08823, NaN, NaN, NaN, 4.39664, 0.00000, 0.31416, 3.39978, 0.03237, 0.17545
freiburg2_large_with_loop, 80, 70, 0.97529, 1.26170, 0.10732, 0.02379, 2.03591, 0.11754, 0.05825, 1.54120, 0.10377, 0.04307, 1.91740, 0.10751, 0.04678, 2.02341, 0.11142, 0.05006, NaN, NaN, NaN, 2.00960, 0.00000, 0.31414, 5.54676, 0.07746, 0.07818
freiburg3_long_household_office, 820, 520, 0.17005, 7.49185, 1.02250, 0.33989, 13.91164, 1.04303, 0.60765, 21.27018, 1.02482, 0.63860, 15.26729, 1.03023, 0.61156, 19.53849, 1.11276, 0.60549, NaN, NaN, NaN, 120.02791, NaN, NaN, 14.01841, 1.07064, 0.59679
freiburg3_long_household_office, 250, 420, 0.22738, 11.96069, 0.54261, 1.57222, 24.78048, 0.75737, 2.10158, 24.96898, 0.66084, 1.87489, 12.99698, 0.41651, 0.31916, 13.98987, 0.40028, 0.25934, NaN, NaN, NaN, 120.03105, NaN, NaN, 28.29179, 0.33048, 0.16201
freiburg3_long_household_office, 910, 490, 0.31145, 19.31188, 0.97254, 0.71126, 58.49007, 0.89106, 0.76975, 28.39603, 0.86879, 0.68439, 93.80045, 1.10670, 1.29578, 86.83647, 1.24798, 1.49452, NaN, NaN, NaN, 120.01983, NaN, NaN, 71.94107, 0.97594, 1.14033
freiburg3_long_household_office, 450, 290, 0.45015, 12.66119, 0.72233, 0.99007, 3.71434, 0.10694, 0.05198, 3.43471, 0.11896, 0.13635, 7.65928, 0.20441, 0.15128, 7.63734, 0.05364, 0.04466, NaN, NaN, NaN, 58.97623, 0.00000, 0.31416, 12.78247, 0.10832, 0.11641
freiburg3_long_household_office, 340, 410, 0.58938, 5.34828, 0.39572, 0.45158, 5.22445, 0.27295, 0.34010, 7.02713, 0.31184, 0.42717, 2.11665, 0.16968, 0.13749, 5.33200, 0.03562, 0.02216, NaN, NaN, NaN, 27.48119, 0.00000, 0.31416, 6.27088, 0.03559, 0.02054
freiburg3_long_household_office, 290, 250, 0.65204, 1.37134, 0.02756, 0.03436, 2.02434, 0.01790, 0.02039, 1.92305, 0.02235, 0.02027, 1.96737, 0.01751, 0.01971, 2.08704, 0.01734, 0.01898, 0.22535, 0.02594, 0.02960, 17.89610, 0.00000, 0.31417, 3.41172, 0.01992, 0.01527
freiburg3_long_household_office, 240, 10, 0.73182, 5.49506, 0.40446, 0.16824, 7.72098, 0.18320, 0.04221, 5.04695, 0.29008, 0.13370, 6.62886, 0.17599, 0.02858, 6.03773, 0.22181, 0.11635, NaN, NaN, NaN, 7.95160, 0.00000, 0.31416, 7.88070, 0.17433, 0.07124
freiburg3_long_household_office, 860, 940, 0.87416, 1.16537, 0.02195, 0.03011, 1.81651, 0.01891, 0.02539, 1.33728, 0.01989, 0.02650, 1.65113, 0.01915, 0.02651, 1.35408, 0.01958, 0.02587, 0.23063, 0.02339, 0.03405, 0.30375, 0.00000, 0.31417, 4.51161, 0.01764, 0.01127
freiburg3_long_household_office, 10, 30, 0.99383, 1.01887, 0.00796, 0.01977, 1.90115, 0.00789, 0.01372, 1.36305, 0.00536, 0.01401, 1.55025, 0.00747, 0.01314, 1.47295, 0.00772, 0.01314, 0.21408, 0.00435, 0.02234, 1.23138, 0.00000, 0.31416, 3.73653, 0.00622, 0.01096
