ref_frame, src_frame, overlap, all_time, all_t_err, all_r_err, pct_time, pct_t_err, pct_r_err, sigma_time, sigma_t_err, sigma_r_err, x84_time, x84_t_err, x84_r_err, dynamic_time, dynamic_t_err, dynamic_r_err, goicp_time, goicp_t_err, goicp_r_err, s4pcs_time, s4pcs_t_err, s4pcs_r_err, hmrf_time, hmrf_t_err, hmrf_r_err
907, 769, 0.12479, 5.03858, 0.50208, 0.62662, 13.45698, 0.44540, 0.52505, 7.84540, 0.47910, 0.62954, 14.26138, 0.45456, 0.55647, 8.02843, 0.38532, 0.46126, NaN, NaN, NaN, 120.03377, NaN, NaN, 22.65205, 0.12969, 0.04569
889, 739, 0.05716, 18.09073, 0.72200, 1.45644, 11.43348, 0.35345, 1.09141, 16.36085, 0.43378, 1.11830, 12.59129, 0.19855, 0.55190, 13.35609, 0.30269, 0.73413, NaN, NaN, NaN, 120.03615, NaN, NaN, 16.35012, 0.20294, 0.53148
757, 13, 0.06626, 9.21234, 0.57428, 1.66043, 12.14674, 0.54920, 1.62879, 8.72490, 0.56585, 1.65382, 8.26065, 0.57223, 1.65715, 8.93376, 0.56824, 1.65518, NaN, NaN, NaN, 120.08578, NaN, NaN, 16.05958, 0.55983, 1.49439
841, 745, 0.11780, 13.48078, 0.72589, 1.42699, 19.05053, 0.24889, 0.11451, 14.87913, 0.63143, 1.45838, 16.09825, 0.22089, 0.08103, 17.46817, 0.21700, 0.17568, NaN, NaN, NaN, 120.04885, NaN, NaN, 23.15259, 0.18938, 0.13978
127, 769, 0.04928, 8.32414, 0.92462, 1.46088, 8.97325, 0.71628, 0.90572, 9.47053, 0.82554, 1.52144, 9.50603, 0.87933, 1.49331, 10.97957, 0.79763, 0.99785, NaN, NaN, NaN, 120.05042, NaN, NaN, 6.47919, 0.27698, 0.31624
739, 883, 0.09772, 6.12726, 0.37104, 1.06894, 8.42459, 0.40932, 1.12971, 6.52165, 0.37417, 1.07236, 5.93109, 0.37101, 1.06851, 5.79543, 0.37120, 1.06849, NaN, NaN, NaN, 120.05180, NaN, NaN, 13.05693, 0.31902, 1.07461
871, 757, 0.03501, 11.34800, 0.73072, 1.24579, 8.73315, 0.80549, 2.32549, 12.98478, 0.77846, 1.60841, 6.27674, 0.82875, 2.33465, 12.91558, 0.66473, 1.29063, NaN, NaN, NaN, 120.04567, NaN, NaN, 12.01282, 0.77779, 2.14908
841, 337, 0.11544, 23.13423, 0.93528, 1.34670, 16.06014, 0.74169, 1.35134, 19.96682, 0.85409, 1.31089, 18.97168, 0.84701, 1.31401, 11.17270, 0.76386, 1.32877, NaN, NaN, NaN, 120.05732, NaN, NaN, 29.58571, 0.56828, 1.29785
889, 763, 0.05043, 10.79669, 0.66780, 0.89810, 13.02354, 0.64113, 1.64518, 9.15075, 0.63323, 0.92191, 12.61206, 0.72266, 1.72922, 14.90406, 0.55126, 1.12651, NaN, NaN, NaN, 120.04349, NaN, NaN, 13.69244, 0.42853, 1.39971
769, 511, 0.05752, 6.71863, 0.36602, 1.19359, 6.32244, 0.34030, 1.13732, 6.08203, 0.36066, 1.17921, 6.29542, 0.36726, 1.18945, 6.49175, 0.36007, 1.17729, NaN, NaN, NaN, 120.07430, NaN, NaN, 9.07903, 0.35765, 1.15007
1, 499, 0.18246, 6.57303, 0.31452, 0.91706, 7.57035, 0.30420, 0.78337, 6.27442, 0.31196, 0.83611, 7.52274, 0.31039, 0.82227, 5.98856, 0.31131, 0.82716, NaN, NaN, NaN, 82.10004, 0.23913, 0.52493, 11.61182, 0.09743, 0.10727
889, 757, 0.09880, 13.41937, 0.54384, 0.94719, 15.01565, 0.40496, 1.18796, 11.03654, 0.53929, 0.99590, 10.15168, 0.51418, 1.43107, 13.62594, 0.51631, 1.09935, NaN, NaN, NaN, 120.04750, NaN, NaN, 12.29429, 0.18738, 0.60968
991, 769, 0.14799, 6.33834, 0.50277, 0.62759, 6.74343, 0.30055, 0.32136, 7.58554, 0.47180, 0.63368, 10.15088, 0.32766, 0.38353, 12.60074, 0.27537, 0.33970, NaN, NaN, NaN, 120.04622, NaN, NaN, 10.75343, 0.04389, 0.15233
769, 133, 0.06785, 12.29476, 0.64404, 0.97172, 10.90789, 0.33771, 0.79116, 13.12422, 0.63469, 0.94309, 13.01852, 0.64116, 0.96404, 12.86674, 0.64194, 0.96564, NaN, NaN, NaN, 120.06573, NaN, NaN, 18.87467, 0.23272, 0.25759
781, 877, 0.15100, 5.12489, 0.40031, 1.30696, 3.81149, 0.28761, 0.86033, 5.92668, 0.37768, 1.22280, 5.66978, 0.39833, 1.29924, 5.96207, 0.38546, 1.24451, NaN, NaN, NaN, 63.61657, 0.69741, 1.65824, 8.53731, 0.22880, 0.76622
775, 1009, 0.16185, 5.93979, 0.49655, 0.47535, 9.85444, 0.45987, 0.40940, 7.39164, 0.49043, 0.47373, 7.24960, 0.49571, 0.47523, 6.66966, 0.49360, 0.47410, NaN, NaN, NaN, 58.47621, 0.69190, 1.60880, 13.31911, 0.03994, 0.17122
517, 871, 0.17567, 2.85777, 0.29000, 0.22454, 2.89309, 0.29815, 0.13146, 3.47640, 0.28880, 0.21012, 3.71031, 0.28864, 0.20989, 3.02494, 0.28890, 0.21802, NaN, NaN, NaN, 120.04067, NaN, NaN, 4.98233, 0.26088, 0.09469
763, 817, 0.18872, 10.52298, 0.26150, 0.54800, 12.87957, 0.21898, 0.40010, 11.30621, 0.26009, 0.54038, 10.47670, 0.26149, 0.54799, 10.28251, 0.26106, 0.54733, NaN, NaN, NaN, 35.71582, 0.21831, 1.57047, 19.87643, 0.05894, 0.12962
265, 1, 0.20127, 3.83780, 0.17242, 0.24289, 7.16090, 0.17144, 0.61688, 6.80720, 0.15755, 0.16967, 7.15630, 0.16748, 0.22140, 1.79911, 0.13829, 0.16708, NaN, NaN, NaN, 19.50060, 0.20161, 1.77773, 3.21526, 0.05626, 0.07913
769, 1075, 0.14965, 5.54030, 0.16413, 0.50087, 9.96750, 0.15043, 0.48694, 5.31384, 0.16341, 0.49532, 5.11640, 0.16413, 0.50087, 5.48393, 0.16335, 0.49737, NaN, NaN, NaN, 53.70450, 0.79765, 1.86847, NaN, NaN, NaN
7, 799, 0.24304, 20.29538, 0.51330, 1.33344, 15.35934, 0.42956, 1.28044, 14.91354, 0.44434, 1.31399, 13.53948, 0.44283, 1.31326, 14.12110, 0.44270, 1.31328, NaN, NaN, NaN, 66.72250, 0.63942, 3.01025, 25.17822, 0.39152, 1.13757
415, 865, 0.23306, 1.63762, 0.22473, 0.27764, 0.73356, 0.19804, 0.26128, 0.83359, 0.21161, 0.27576, 0.77668, 0.20532, 0.27254, 1.85060, 0.24254, 0.25791, NaN, NaN, NaN, 56.02051, 0.13092, 0.15890, NaN, NaN, NaN
13, 211, 0.26722, 16.96568, 0.47545, 1.68063, 17.97688, 0.41927, 1.34055, 17.08721, 0.47748, 1.68909, 17.63959, 0.47539, 1.68063, 17.50901, 0.47593, 1.68377, NaN, NaN, NaN, 49.03314, 0.68446, 2.13290, 19.00642, 0.26845, 0.99128
97, 763, 0.28716, 11.41689, 0.60466, 0.95719, 2.12745, 0.14281, 0.35749, 11.17286, 0.48729, 0.69739, 5.85516, 0.12372, 0.33688, 9.30449, 0.10177, 0.37186, NaN, NaN, NaN, 24.21186, 0.96314, 2.98358, 8.51723, 0.03394, 0.05896
871, 463, 0.28369, 2.18727, 0.16143, 0.33292, 3.78719, 0.15018, 0.31007, 2.37371, 0.15753, 0.32505, 2.51512, 0.15865, 0.32877, 2.30388, 0.15866, 0.32881, NaN, NaN, NaN, 7.88016, 0.22134, 0.23828, 8.49946, 0.15552, 0.33376
775, 205, 0.19640, 7.65948, 0.37996, 0.34212, 11.64456, 0.38563, 0.35064, 9.49848, 0.38257, 0.37401, 8.73821, 0.38815, 0.35519, 8.97566, 0.38881, 0.35439, NaN, NaN, NaN, 24.39672, 0.73750, 3.11459, 8.66986, 0.03133, 0.11906
481, 703, 0.28119, 20.98715, 0.21326, 0.55834, 15.84291, 0.15180, 0.34288, 8.58057, 0.13621, 0.27356, 8.61381, 0.13619, 0.27355, 12.45826, 0.14452, 0.32989, NaN, NaN, NaN, 42.64099, 0.31923, 0.14746, 5.10166, 0.12520, 0.30174
1015, 517, 0.51002, 1.56428, 0.06292, 0.12075, 1.91905, 0.05189, 0.09720, 1.67092, 0.06015, 0.11335, 1.67776, 0.06092, 0.11559, 1.53223, 0.05859, 0.11124, 47.53940, 0.06302, 0.11322, 0.68217, 0.23069, 2.79081, 4.20308, 0.03028, 0.06952
7, 937, 0.20445, 15.67253, 0.37136, 1.21090, 17.41120, 0.43240, 1.30166, 16.87820, 0.40997, 1.27816, 16.76117, 0.39976, 1.25946, 17.40680, 0.43078, 1.30965, NaN, NaN, NaN, 120.03102, NaN, NaN, 19.79824, 0.36978, 1.15798
547, 769, 0.25374, 5.97341, 0.60157, 0.50364, 9.56595, 0.60379, 0.45468, 7.91668, 0.63320, 0.50660, 9.10857, 0.42568, 0.50529, 9.30405, 0.58871, 0.40427, NaN, NaN, NaN, 47.19285, 1.17333, 2.01092, 4.77472, 0.31296, 0.33578
463, 967, 0.39197, 5.34931, 0.14461, 0.21051, 4.57513, 0.10605, 0.21134, 8.06141, 0.13571, 0.21962, 6.88436, 0.14317, 0.21642, 8.67965, 0.13947, 0.22083, NaN, NaN, NaN, 11.56724, 0.01705, 0.06037, 4.82674, 0.08624, 0.19540
829, 715, 0.47303, 12.25162, 0.52394, 0.26521, 13.27440, 0.46165, 0.16052, 14.04714, 0.49942, 0.22604, 13.43361, 0.49423, 0.22156, 14.75062, 0.49189, 0.21445, NaN, NaN, NaN, 3.06075, 0.85079, 1.67923, 4.89729, 0.01333, 0.01257
859, 1051, 0.32791, 5.68308, 0.22253, 0.28795, 4.85410, 0.15803, 0.32026, 5.49141, 0.20570, 0.27777, 5.84660, 0.20689, 0.27772, 6.02837, 0.20747, 0.27846, NaN, NaN, NaN, 5.65831, 0.05183, 0.36525, 7.59204, 0.11170, 0.27944
271, 331, 0.33017, 18.89764, 0.65633, 1.84866, 27.49550, 0.34424, 0.84412, 25.36464, 0.37983, 0.75851, 26.73772, 0.36997, 0.80733, 27.28240, 0.34068, 0.84947, NaN, NaN, NaN, 16.20173, 0.52316, 1.73084, 9.73103, 0.05252, 0.18792
607, 877, 0.36315, 2.17083, 0.20259, 0.17185, 1.48257, 0.16222, 0.16367, 2.70290, 0.19956, 0.14462, 1.37159, 0.16176, 0.16373, 1.43925, 0.15777, 0.16309, NaN, NaN, NaN, 5.03294, 0.28453, 0.10616, 1.56864, 0.11693, 0.16898
529, 1015, 0.36533, 3.78720, 0.12080, 0.06725, 6.60248, 0.08447, 0.04150, 3.75860, 0.09816, 0.06178, 3.64684, 0.10818, 0.06578, 3.66652, 0.09723, 0.06014, NaN, NaN, NaN, 12.22469, 0.02955, 0.09420, 5.73651, 0.05825, 0.12447
727, 1075, 0.36289, 9.12489, 0.05208, 0.26844, 6.10311, 0.03224, 0.18042, 7.61475, 0.04528, 0.23131, 8.50980, 0.04895, 0.25068, 8.39594, 0.04694, 0.23931, NaN, NaN, NaN, 2.30641, 0.42579, 2.99317, 7.37852, 0.01833, 0.03605
781, 1009, 0.34869, 8.17441, 0.18022, 0.29654, 3.21672, 0.07500, 0.27200, 5.07342, 0.11181, 0.29076, 2.75055, 0.06878, 0.25457, 4.74289, 0.05506, 0.20294, NaN, NaN, NaN, 3.41732, 0.37301, 0.42052, 4.07447, 0.02740, 0.01810
817, 451, 0.83272, 1.24392, 0.03040, 0.04285, 1.34530, 0.01176, 0.01394, 1.09657, 0.01892, 0.02599, 1.17404, 0.01023, 0.01017, 1.09223, 0.01065, 0.01032, 0.23419, 0.03342, 0.04153, 0.29832, 0.00000, 0.31415, 4.55945, 0.00783, 0.01133
403, 535, 0.33330, 2.73461, 0.11432, 0.23252, 2.58947, 0.05379, 0.17048, 4.14484, 0.11199, 0.22266, 3.51512, 0.11184, 0.22611, 3.78357, 0.11281, 0.22487, NaN, NaN, NaN, 9.69546, 0.02129, 0.04132, 4.00832, 0.02501, 0.14657
727, 67, 0.27367, 8.52180, 0.18171, 0.48187, 4.21061, 0.13038, 0.43460, 7.25568, 0.16932, 0.46631, 8.59112, 0.18121, 0.48186, 7.59975, 0.17839, 0.47907, NaN, NaN, NaN, 18.07730, 0.24038, 3.11849, 11.08107, 0.20319, 0.42283
709, 271, 0.47021, 2.72886, 0.04736, 0.26450, 2.37682, 0.03100, 0.09448, 4.40793, 0.05186, 0.19883, 2.78689, 0.03037, 0.09447, 1.95782, 0.01876, 0.06395, NaN, NaN, NaN, 1.35358, 0.06840, 0.16389, 4.70815, 0.00533, 0.02857
205, 25, 0.47682, 13.55084, 0.36231, 0.85041, 12.09216, 0.29467, 0.76461, 12.83037, 0.36252, 0.85394, 13.26727, 0.36204, 0.85188, 13.74481, 0.36274, 0.85040, NaN, NaN, NaN, 1.70793, 0.41641, 2.30331, 12.21083, 0.00779, 0.03207
145, 319, 0.46887, 11.41345, 0.23226, 0.45758, 5.90937, 0.03302, 0.12603, 9.93719, 0.10073, 0.34901, 4.31961, 0.01795, 0.06440, 5.43516, 0.01911, 0.07056, NaN, NaN, NaN, 2.87918, 0.03868, 0.05033, 8.37377, 0.03283, 0.11477
601, 877, 0.43639, 2.00150, 0.18558, 0.17448, 1.23147, 0.14426, 0.12829, 1.71862, 0.15799, 0.14723, 1.01823, 0.14048, 0.12631, 0.86999, 0.14173, 0.12303, NaN, NaN, NaN, 4.11857, 0.18382, 0.21290, 2.65927, 0.10952, 0.09609
1033, 595, 0.96053, 1.36463, 0.00577, 0.01408, 2.11429, 0.00663, 0.02550, 1.48150, 0.00380, 0.02125, 2.07490, 0.00604, 0.02463, 1.93969, 0.00636, 0.02564, 0.23368, 0.00305, 0.01726, 0.27416, 0.27324, 2.85532, 4.31588, 0.00742, 0.02122
439, 895, 0.46877, 5.12218, 0.10673, 0.05529, 5.07938, 0.07120, 0.05935, 4.45103, 0.09160, 0.05586, 4.93952, 0.07083, 0.11203, 4.39075, 0.09393, 0.05656, NaN, NaN, NaN, 5.80480, 0.00890, 0.02989, 8.08551, 0.00633, 0.01858
667, 337, 0.48988, 3.34369, 0.10481, 0.37451, 5.01405, 0.06918, 0.36787, 3.57028, 0.08807, 0.37621, 4.71955, 0.07167, 0.37380, 5.36926, 0.06704, 0.36121, NaN, NaN, NaN, 2.99095, 0.16199, 0.20013, 6.94134, 0.01337, 0.04734
289, 163, 0.59541, 2.31222, 0.10528, 0.07901, 1.53771, 0.01869, 0.04854, 1.63091, 0.03376, 0.05845, 1.81031, 0.01804, 0.05074, 2.33161, 0.01389, 0.03908, NaN, NaN, NaN, 0.63063, 0.21957, 0.21079, 4.67217, 0.01482, 0.04046
829, 529, 0.79394, 1.26600, 0.01100, 0.05920, 1.33746, 0.00489, 0.03142, 1.38725, 0.00672, 0.04108, 1.47282, 0.00265, 0.02181, 1.26855, 0.00286, 0.02284, 0.23301, 0.01220, 0.04703, 0.35355, 0.00000, 0.31417, 2.60671, 0.00272, 0.02157
271, 679, 0.56128, 2.70274, 0.00460, 0.05088, 2.83810, 0.00234, 0.04505, 2.36646, 0.00272, 0.05988, 3.91223, 0.00434, 0.02086, 2.47384, 0.00276, 0.05986, NaN, NaN, NaN, 1.07302, 0.03507, 0.21581, 5.62014, 0.00384, 0.01414
553, 709, 0.52317, 11.71384, 0.40207, 0.37095, 4.99970, 0.16616, 0.11213, 11.60751, 0.35612, 0.06802, 5.52627, 0.17244, 0.11803, 4.63677, 0.16693, 0.10622, NaN, NaN, NaN, 2.42697, 0.44271, 0.16653, 8.22645, 0.00697, 0.00923
769, 331, 0.36558, 3.53196, 0.10698, 0.13511, 6.20804, 0.09866, 0.09855, 3.70897, 0.11517, 0.11221, 3.77543, 0.10783, 0.13511, 4.03630, 0.11680, 0.11860, NaN, NaN, NaN, 6.83765, 0.17522, 0.37270, 2.95454, 0.04507, 0.23919
985, 1051, 0.53865, 3.03994, 0.06797, 0.10494, 2.75659, 0.05189, 0.07085, 2.94816, 0.06867, 0.09880, 3.54173, 0.06838, 0.09662, 2.78902, 0.06814, 0.09418, NaN, NaN, NaN, 0.76696, 0.43881, 0.49574, 4.92355, 0.00764, 0.01890
1051, 937, 0.30717, 3.99940, 0.19133, 0.09548, 5.66086, 0.20849, 0.09732, 3.77845, 0.19780, 0.09180, 4.20713, 0.19502, 0.09328, 4.16606, 0.19905, 0.09258, NaN, NaN, NaN, 22.67329, 0.01210, 0.04992, 6.27210, 0.12914, 0.11104
595, 403, 0.85394, 0.87950, 0.01693, 0.08060, 0.94011, 0.00937, 0.05102, 0.66860, 0.01187, 0.06359, 0.97973, 0.00795, 0.04716, 1.00870, 0.00739, 0.04612, 0.22660, 0.01807, 0.08089, 0.32726, 0.09195, 0.04551, NaN, NaN, NaN
145, 817, 0.55794, 3.41195, 0.08048, 0.25543, 2.98532, 0.06209, 0.19172, 2.73389, 0.07413, 0.22907, 2.87459, 0.06569, 0.20283, 2.73479, 0.06765, 0.20815, NaN, NaN, NaN, 1.28686, 0.12210, 0.06920, 8.18801, 0.00949, 0.03281
157, 421, 0.59325, 2.54998, 0.05643, 0.17055, 2.02443, 0.02463, 0.07723, 1.75548, 0.02829, 0.09354, 2.19012, 0.02033, 0.06041, 2.25412, 0.01703, 0.05073, NaN, NaN, NaN, 0.49002, 0.00000, 0.31417, 5.45042, 0.00560, 0.02125
271, 1039, 0.57199, 4.12684, 0.20764, 0.09148, 2.85654, 0.11089, 0.06107, 3.43463, 0.15804, 0.07570, 3.28797, 0.09809, 0.05815, 2.69430, 0.08347, 0.04959, NaN, NaN, NaN, 2.00991, 0.43742, 0.09812, 4.41355, 0.01279, 0.02338
925, 259, 0.56809, 6.46940, 0.08770, 0.23890, 5.62835, 0.02461, 0.12754, 6.22683, 0.08923, 0.22238, 5.65975, 0.03040, 0.08126, 6.71076, 0.08818, 0.21225, NaN, NaN, NaN, 0.87014, 0.04557, 0.04409, 7.62188, 0.00443, 0.00868
253, 1033, 0.63629, 1.90150, 0.12213, 0.09444, 1.81561, 0.05604, 0.07570, 2.21621, 0.09065, 0.08431, 1.96945, 0.04058, 0.06062, 3.65132, 0.02247, 0.03972, NaN, NaN, NaN, 0.95056, 0.03798, 0.04319, 4.95026, 0.01481, 0.03146
889, 373, 0.40774, 6.55780, 0.18710, 0.46795, 7.74282, 0.13379, 0.41003, 6.77715, 0.17722, 0.45465, 6.74972, 0.18086, 0.45751, 7.50132, 0.17406, 0.45383, NaN, NaN, NaN, 6.31945, 0.04002, 0.12770, 11.25449, 0.09826, 0.34774
253, 145, 0.76315, 2.55155, 0.09661, 0.03341, 1.88687, 0.02060, 0.04251, 1.91898, 0.04525, 0.06325, 2.27945, 0.01063, 0.02241, 2.05071, 0.01460, 0.02921, 22.57220, 0.09473, 0.03026, 0.58113, 0.04326, 0.08795, 4.15593, 0.00859, 0.02043
1021, 1075, 0.63926, 1.61574, 0.03008, 0.06404, 1.91338, 0.01320, 0.03434, 1.71571, 0.02067, 0.05136, 2.06845, 0.01101, 0.02509, 1.96888, 0.01235, 0.02749, 0.22698, 0.02739, 0.06272, 0.47967, 0.34539, 2.33989, 4.04270, 0.00316, 0.01175
307, 589, 0.63635, 3.30427, 0.04688, 0.10669, 3.09159, 0.03552, 0.11893, 2.98354, 0.04831, 0.13861, 2.47639, 0.01354, 0.05415, 2.27842, 0.00432, 0.02796, NaN, NaN, NaN, 0.48142, 0.29808, 2.45433, 3.68179, 0.00186, 0.02359
211, 685, 0.62498, 3.01858, 0.06105, 0.15087, 2.58176, 0.03496, 0.05685, 2.93052, 0.05995, 0.10199, 3.34851, 0.01718, 0.01613, 3.86670, 0.01502, 0.01176, NaN, NaN, NaN, 1.20933, 0.03751, 0.12731, 4.06636, 0.02239, 0.02384
253, 901, 0.68944, 3.04268, 0.10456, 0.09165, 2.01147, 0.01673, 0.05334, 1.63255, 0.03426, 0.07201, 2.03151, 0.00911, 0.02920, 2.33808, 0.00968, 0.02670, NaN, NaN, NaN, 0.66080, 0.25696, 0.08530, 4.24531, 0.00843, 0.02810
613, 1021, 0.60217, 1.89908, 0.03122, 0.10505, 2.65887, 0.02965, 0.09483, 1.86897, 0.03264, 0.10508, 2.45667, 0.03272, 0.10229, 1.84476, 0.03274, 0.10440, NaN, NaN, NaN, 1.50577, 0.06247, 0.24442, 5.26528, 0.00268, 0.01223
439, 73, 0.19551, 5.92544, 0.12396, 0.16315, 8.14880, 0.13020, 0.07175, 5.69154, 0.12242, 0.15822, 5.76209, 0.12396, 0.16315, 5.58463, 0.12384, 0.16275, NaN, NaN, NaN, 120.04587, NaN, NaN, 21.61718, 0.16598, 0.35656
307, 739, 0.64892, 6.11913, 0.13263, 0.55940, 1.72647, 0.01320, 0.07595, 7.79502, 0.13294, 0.59326, 2.31448, 0.00656, 0.01939, 2.56502, 0.00580, 0.03141, NaN, NaN, NaN, 0.92751, 0.39101, 3.08137, 3.58262, 0.00806, 0.04160
943, 211, 0.76922, 1.53640, 0.01205, 0.04264, 1.59379, 0.00448, 0.02258, 1.38963, 0.00730, 0.03166, 1.50686, 0.00148, 0.01285, 1.65050, 0.00132, 0.01229, 0.23065, 0.01387, 0.04481, 0.44314, 0.02634, 0.03113, 3.65268, 0.00227, 0.01040
577, 649, 0.70692, 3.50533, 0.08565, 0.18631, 2.49049, 0.04547, 0.08473, 2.81738, 0.06573, 0.13466, 2.52994, 0.01231, 0.02363, 3.28106, 0.01159, 0.02010, NaN, NaN, NaN, 0.73574, 0.01211, 0.09735, 3.39389, 0.00513, 0.01665
559, 943, 0.75085, 1.49107, 0.03658, 0.10038, 1.72250, 0.01270, 0.04109, 1.84342, 0.02421, 0.07261, 1.81891, 0.00455, 0.01973, 1.96735, 0.00342, 0.01604, 0.24834, 0.03435, 0.09633, 0.71496, 0.04825, 0.15251, 3.87238, 0.00310, 0.01189
1021, 373, 0.85557, 1.03790, 0.00872, 0.02197, 1.09455, 0.00387, 0.01208, 1.06436, 0.00593, 0.01632, 1.05071, 0.00372, 0.01060, 1.04904, 0.00351, 0.01033, 0.19212, 0.01535, 0.02792, 0.35586, 0.01625, 0.04219, 1.96474, 0.00211, 0.00769
283, 493, 0.79433, 0.96871, 0.04489, 0.09404, 1.25186, 0.02061, 0.04469, 1.10765, 0.03288, 0.06685, 1.66912, 0.01231, 0.02998, 1.45131, 0.01302, 0.03291, 0.22422, 0.04225, 0.08237, 0.28341, 0.00000, 0.31417, 5.02543, 0.00775, 0.02183
835, 1075, 0.74434, 2.08535, 0.03515, 0.10179, 1.55518, 0.01709, 0.05827, 1.51270, 0.02418, 0.01792, 2.46238, 0.00534, 0.02908, 2.27384, 0.00414, 0.02373, 4.57203, 0.03705, 0.10414, 0.45349, 0.17764, 0.32552, 3.30931, 0.00391, 0.02341
835, 205, 0.65246, 6.73976, 0.17675, 0.52697, 4.81349, 0.02641, 0.12359, 7.81048, 0.17831, 0.52994, 6.71845, 0.17657, 0.52665, 6.55500, 0.17578, 0.52486, NaN, NaN, NaN, 0.94522, 0.02527, 0.00827, 5.43641, 0.00367, 0.01604
355, 1009, 0.75276, 1.90919, 0.05909, 0.04899, 1.78730, 0.01836, 0.03304, 1.43468, 0.02797, 0.04754, 1.85936, 0.00890, 0.01540, 2.09835, 0.00709, 0.01275, 0.36095, 0.06936, 0.04715, 0.67889, 0.06433, 0.19619, 3.30118, 0.00636, 0.01293
571, 295, 0.60149, 9.03763, 0.27334, 0.50702, 4.57796, 0.11682, 0.10972, 4.74802, 0.14792, 0.14703, 7.86581, 0.01270, 0.02122, 6.89865, 0.01693, 0.01811, NaN, NaN, NaN, 1.77701, 0.08596, 0.44387, 4.26926, 0.00295, 0.00908
115, 1087, 0.72090, 1.35614, 0.01517, 0.05264, 1.57500, 0.00878, 0.03060, 1.32800, 0.01027, 0.03749, 1.47098, 0.00737, 0.02608, 1.69028, 0.00728, 0.02691, 0.20329, 0.01602, 0.05699, 0.37340, 0.00000, 0.31417, 3.14382, 0.00858, 0.03923
73, 955, 0.89683, 1.37779, 0.01568, 0.03121, 2.04001, 0.00714, 0.02191, 1.41711, 0.01120, 0.02842, 1.69589, 0.00740, 0.02238, 1.66437, 0.00777, 0.02357, 0.25690, 0.01662, 0.02843, 0.31878, 0.00000, 0.31416, 3.45362, 0.00717, 0.02274
475, 367, 0.40844, 4.18687, 0.09439, 0.21893, 4.60634, 0.08442, 0.22698, 4.35882, 0.09249, 0.22426, 4.19608, 0.09301, 0.22096, 4.13391, 0.09260, 0.22282, NaN, NaN, NaN, 9.34318, 0.00444, 0.00854, 8.03010, 0.07620, 0.23825
895, 73, 0.38908, 2.45860, 0.10156, 0.11055, 3.57373, 0.13632, 0.07393, 3.37942, 0.12677, 0.08801, 3.16826, 0.13056, 0.08420, 3.54885, 0.13268, 0.08221, NaN, NaN, NaN, 9.22363, 0.05145, 0.11157, 9.32593, 0.03481, 0.03493
1039, 1081, 0.82444, 1.20680, 0.00889, 0.01232, 1.28443, 0.00352, 0.00774, 1.18599, 0.00542, 0.00986, 1.20621, 0.00248, 0.00943, 1.25020, 0.00196, 0.01046, 0.21721, 0.00855, 0.01183, 0.31626, 0.00000, 0.31416, NaN, NaN, NaN
109, 835, 0.84426, 1.15061, 0.00857, 0.02378, 1.64262, 0.00733, 0.01754, 1.25039, 0.00722, 0.01887, 1.34720, 0.00759, 0.01665, 1.28101, 0.00761, 0.01643, 0.19953, 0.00875, 0.02246, 0.31716, 0.00000, 0.31416, 4.36201, 0.01131, 0.02375
535, 313, 0.63673, 7.72242, 0.09820, 0.35037, 2.75542, 0.03314, 0.06093, 3.51244, 0.10884, 0.09592, 2.11603, 0.00886, 0.00986, 3.80090, 0.01526, 0.01095, NaN, NaN, NaN, 1.42358, 0.02267, 0.07214, 4.06805, 0.00434, 0.00914
391, 463, 0.80426, 1.26357, 0.01559, 0.04212, 1.40344, 0.00724, 0.02185, 1.36461, 0.01061, 0.02759, 1.47389, 0.00434, 0.01530, 1.36533, 0.00449, 0.01629, 0.22539, 0.01484, 0.03410, 0.33096, 0.18185, 2.48109, 2.32877, 0.01623, 0.03932
55, 841, 0.80396, 1.29651, 0.06906, 0.08182, 2.22501, 0.00882, 0.02040, 2.09417, 0.03381, 0.04054, 2.35910, 0.00533, 0.02164, 2.27055, 0.00616, 0.02342, 51.63920, 0.07705, 0.08786, 0.34879, 0.00000, 0.31417, 4.27951, 0.00693, 0.02347
277, 607, 0.83997, 1.47449, 0.02613, 0.06055, 1.57049, 0.00642, 0.02235, 1.42638, 0.01837, 0.04434, 1.31961, 0.00206, 0.01032, 1.18281, 0.00176, 0.00833, 0.25025, 0.02505, 0.06031, 0.34843, 0.05368, 0.34139, 2.61710, 0.00096, 0.00480
139, 1009, 0.89014, 1.42265, 0.01997, 0.03550, 1.70058, 0.00749, 0.01523, 1.48527, 0.01296, 0.02613, 1.72841, 0.00566, 0.01180, 1.68556, 0.00537, 0.01121, 0.24155, 0.01940, 0.03253, 0.33511, 0.02088, 0.01644, 3.34250, 0.00552, 0.01241
865, 133, 0.53368, 3.03953, 0.11985, 0.31366, 3.34504, 0.10784, 0.27155, 2.62643, 0.11866, 0.30975, 2.61946, 0.11922, 0.31067, 2.45587, 0.11871, 0.30958, NaN, NaN, NaN, 2.01908, 0.00955, 0.02123, 4.26340, 0.11770, 0.30779
211, 415, 0.96952, 1.27647, 0.00422, 0.01393, 2.09849, 0.00541, 0.02958, 1.45346, 0.00445, 0.01586, 1.72823, 0.00447, 0.01775, 1.88664, 0.00417, 0.01698, 0.25401, 0.00345, 0.01342, 0.24370, 0.08315, 2.95091, NaN, NaN, NaN
445, 451, 0.99896, 0.80993, 0.00249, 0.00687, 1.00231, 0.00452, 0.01156, 0.91133, 0.00222, 0.00517, 0.93922, 0.00235, 0.00557, 0.92657, 0.00253, 0.00634, 0.18235, 0.00186, 0.00546, 0.24880, 0.00948, 0.07969, 3.16279, 0.00374, 0.01113
133, 889, 0.94697, 1.54198, 0.00849, 0.03352, 2.22681, 0.00864, 0.04666, 1.93897, 0.00873, 0.03288, 2.13758, 0.00683, 0.02734, 2.00421, 0.00710, 0.02910, 0.29897, 0.00701, 0.02919, 0.26892, 0.39344, 0.22564, 4.56837, 0.00583, 0.02246
493, 481, 0.90875, 0.95422, 0.01551, 0.02883, 1.22037, 0.00651, 0.01261, 1.05161, 0.00881, 0.01702, 1.08072, 0.00722, 0.01320, 0.97116, 0.00759, 0.01507, 0.17281, 0.01784, 0.03288, 0.37199, 0.01203, 0.03467, 3.45376, 0.00528, 0.01783
187, 553, 0.91117, 1.54137, 0.00700, 0.00669, 1.73026, 0.00225, 0.00384, 1.36183, 0.00338, 0.00344, 1.57021, 0.00221, 0.00449, 1.44968, 0.00256, 0.00585, 0.23489, 0.00764, 0.01017, 0.31829, 0.14211, 0.07810, 2.65967, 0.00284, 0.00483
553, 571, 0.95544, 1.14075, 0.00573, 0.02290, 1.44601, 0.00174, 0.00861, 1.22064, 0.00260, 0.01110, 1.13534, 0.00193, 0.00812, 1.09447, 0.00192, 0.00813, 0.19176, 0.00546, 0.02196, 0.31215, 0.03237, 0.12790, 4.49519, 0.00098, 0.00838
601, 175, 0.58735, 1.68013, 0.06783, 0.01656, 3.11162, 0.05599, 0.08108, 2.21729, 0.06780, 0.04552, 2.41906, 0.05917, 0.07999, 2.64310, 0.06109, 0.07858, NaN, NaN, NaN, 1.78233, 0.02301, 0.05415, 5.12631, 0.01275, 0.02099
787, 793, 0.96710, 1.46322, 0.00587, 0.02187, 2.31873, 0.00272, 0.01511, 1.66958, 0.00174, 0.01162, 2.84702, 0.00497, 0.02520, 1.76126, 0.00241, 0.01487, 0.25065, 0.00586, 0.02067, 0.28493, 0.02062, 0.03934, 5.66515, 0.00467, 0.19958
379, 85, 0.54552, 1.70794, 0.11684, 0.22562, 1.93686, 0.08418, 0.17551, 1.96499, 0.10771, 0.21327, 1.91245, 0.10708, 0.21218, 1.63655, 0.11036, 0.21835, NaN, NaN, NaN, 2.55226, 0.13197, 0.02524, 5.12680, 0.00582, 0.01789
